{
  "version": "7",
  "dialect": "postgresql",
  "entries": [
    {
      "idx": 0,
      "version": "7",
      "when": 1717640870715,
      "tag": "0000_ancient_kingpin",
      "breakpoints": true
    },
    {
      "idx": 1,
      "version": "7",
      "when": 1717641762723,
      "tag": "0001_last_terrax",
      "breakpoints": true
    },
    {
      "idx": 2,
      "version": "7",
      "when": 1718021067902,
      "tag": "0002_wet_stick",
      "breakpoints": true
    },
    {
      "idx": 3,
      "version": "7",
      "when": 1718078861024,
      "tag": "0003_lumpy_lady_mastermind",
      "breakpoints": true
    },
    {
      "idx": 4,
      "version": "7",
      "when": 1718282556697,
      "tag": "0004_flippant_gressill",
      "breakpoints": true
    }
  ]
}